yogi,praneeth,25-04-2026 10:12:34,Tictactoe
rushmith,aryan,25-04-2026 10:25:11,Othello
chetan,balaji,25-04-2026 10:47:52,Connect4
praveen,chakri,25-04-2026 11:03:19,Tictactoe
ajay,goutam,25-04-2026 11:18:45,Othello
yogi,aryan,25-04-2026 11:32:10,Connect4
praneeth,chetan,25-04-2026 11:49:59,Tictactoe
balaji,rushmith,25-04-2026 12:05:23,Othello
chakri,ajay,25-04-2026 12:21:37,Connect4
goutam,praveen,25-04-2026 12:39:41,Tictactoe
yogi,balaji,25-04-2026 13:02:14,Othello
aryan,chakri,25-04-2026 13:18:29,Connect4
chetan,praneeth,25-04-2026 13:35:46,Tictactoe
rushmith,goutam,25-04-2026 13:52:11,Othello
praveen,ajay,25-04-2026 14:06:33,Connect4
balaji,yogi,25-04-2026 14:22:58,Tictactoe
chakri,aryan,25-04-2026 14:39:20,Othello
goutam,chetan,25-04-2026 14:55:47,Connect4
praneeth,rushmith,25-04-2026 15:10:15,Tictactoe
ajay,praveen,25-04-2026 15:28:02,Othello
yogi,chakri,26-04-2026 09:11:34,Connect4
aryan,balaji,26-04-2026 09:25:41,Tictactoe
chetan,praveen,26-04-2026 09:42:18,Othello
goutam,ajay,26-04-2026 09:58:56,Connect4
rushmith,yogi,26-04-2026 10:14:27,Tictactoe
praneeth,aryan,26-04-2026 10:30:05,Othello
balaji,chetan,26-04-2026 10:47:49,Connect4
chakri,goutam,26-04-2026 11:03:12,Tictactoe
praveen,rushmith,26-04-2026 11:19:33,Othello
ajay,praneeth,26-04-2026 11:35:50,Connect4
yogi,chetan,26-04-2026 11:52:01,Tictactoe
aryan,praveen,26-04-2026 12:08:44,Othello
balaji,ajay,26-04-2026 12:24:31,Connect4
chakri,rushmith,26-04-2026 12:40:16,Tictactoe
goutam,yogi,26-04-2026 12:57:09,Othello
praneeth,balaji,26-04-2026 13:13:55,Connect4
chetan,chakri,26-04-2026 13:29:42,Tictactoe
praveen,goutam,26-04-2026 13:46:20,Othello
ajay,aryan,26-04-2026 14:02:37,Connect4
rushmith,praneeth,26-04-2026 14:18:59,Tictactoe
yogi,ajay,27-04-2026 09:05:14,Othello
aryan,goutam,27-04-2026 09:21:39,Connect4
chetan,rushmith,27-04-2026 09:38:12,Tictactoe
balaji,praveen,27-04-2026 09:54:55,Othello
chakri,yogi,27-04-2026 10:10:31,Connect4
goutam,aryan,27-04-2026 10:26:47,Tictactoe
praneeth,chetan,27-04-2026 10:43:03,Othello
ajay,balaji,27-04-2026 10:59:28,Connect4
rushmith,chakri,27-04-2026 11:15:44,Tictactoe
praveen,goutam,27-04-2026 11:31:59,Othello
yogi,praneeth,27-04-2026 11:48:13,Connect4
aryan,ajay,27-04-2026 12:04:29,Tictactoe
chetan,balaji,27-04-2026 12:20:45,Othello
chakri,praveen,27-04-2026 12:36:58,Connect4
goutam,rushmith,27-04-2026 12:53:11,Tictactoe
praneeth,yogi,27-04-2026 13:09:26,Othello
ajay,aryan,27-04-2026 13:25:40,Connect4
balaji,chetan,27-04-2026 13:41:55,Tictactoe
rushmith,praveen,27-04-2026 13:58:12,Othello
chakri,goutam,27-04-2026 14:14:27,Connect4
yogi,aryan,28-04-2026 09:02:11,Tictactoe
chetan,ajay,28-04-2026 09:18:33,Othello
balaji,chakri,28-04-2026 09:34:47,Connect4
praveen,rushmith,28-04-2026 09:50:59,Tictactoe
goutam,yogi,28-04-2026 10:07:21,Othello
aryan,chetan,28-04-2026 10:23:35,Connect4
ajay,balaji,28-04-2026 10:39:50,Tictactoe
chakri,praneeth,28-04-2026 10:56:02,Othello
rushmith,goutam,28-04-2026 11:12:14,Connect4
praveen,aryan,28-04-2026 11:28:26,Tictactoe
yogi,chakri,28-04-2026 11:44:39,Othello
chetan,praveen,28-04-2026 12:00:52,Connect4
balaji,goutam,28-04-2026 12:17:05,Tictactoe
praneeth,ajay,28-04-2026 12:33:18,Othello
aryan,rushmith,28-04-2026 12:49:31,Connect4
goutam,chetan,28-04-2026 13:05:44,Tictactoe
ajay,yogi,28-04-2026 13:21:57,Othello
praveen,balaji,28-04-2026 13:38:10,Connect4
chakri,aryan,28-04-2026 13:54:23,Tictactoe
rushmith,praneeth,28-04-2026 14:10:36,Othello
yogi,balaji,28-04-2026 14:26:49,Connect4
chetan,goutam,28-04-2026 14:43:02,Tictactoe
praneeth,chakri,28-04-2026 14:59:15,Othello
aryan,praveen,28-04-2026 15:15:28,Connect4
ajay,rushmith,28-04-2026 15:31:41,Tictactoe
balaji,yogi,28-04-2026 15:47:54,Othello
goutam,aryan,28-04-2026 16:04:07,Connect4
chakri,chetan,28-04-2026 16:20:20,Tictactoe
praveen,ajay,28-04-2026 16:36:33,Othello
rushmith,balaji,28-04-2026 16:52:46,Connect4
yogi,praneeth,29-04-2026 14:41:17,Tictactoe
yogi,praneeth,29-04-2026 14:43:01,Othello
yogi,praneeth,29-04-2026 14:44:53,Tictactoe
praneeth,2,29-04-2026 15:13:46,Tictactoe
yogi,praneeth,29-04-2026 15:15:21,Connect4
yogi,praneeth,29-04-2026 15:54:01,Tictactoe
praneeth,yogi,29-04-2026 16:36:43,Tictactoe
praneeth,yogi,29-04-2026 16:37:30,Connect4
praneeth,yogi,29-04-2026 16:37:55,Connect4
chakri,balaji,29-04-2026 16:44:17,Tictactoe
balaji,chakri,29-04-2026 16:45:19,Tictactoe
yogi,aryan,29-04-2026 16:54:16,Tictactoe
yogi,praneeth,29-04-2026 16:55:50,Tictactoe
yogi,aryan,29-04-2026 16:56:42,Tictactoe
